<?xml version="1.0" encoding="UTF-8"?>
<GenRun Id="impl_1" LaunchPart="xc7s15ftgb196-1" LaunchTime="1596208451">
  <File Type="ROUTE-PWR" Name="RISC_Processor_power_routed.rpt"/>
  <File Type="PA-TCL" Name="RISC_Processor.tcl"/>
  <File Type="BITSTR-BMM" Name="RISC_Processor_bd.bmm"/>
  <File Type="ROUTE-PWR-SUM" Name="RISC_Processor_power_summary_routed.pb"/>
  <File Type="REPORTS-TCL" Name="RISC_Processor_reports.tcl"/>
  <File Type="OPT-DCP" Name="RISC_Processor_opt.dcp"/>
  <File Type="OPT-DRC" Name="RISC_Processor_drc_opted.rpt"/>
  <File Type="OPT-HWDEF" Name="RISC_Processor.hwdef"/>
  <File Type="PWROPT-DCP" Name="RISC_Processor_pwropt.dcp"/>
  <File Type="PLACE-DCP" Name="RISC_Processor_placed.dcp"/>
  <File Type="PLACE-IO" Name="RISC_Processor_io_placed.rpt"/>
  <File Type="PLACE-UTIL" Name="RISC_Processor_utilization_placed.rpt"/>
  <File Type="PLACE-UTIL-PB" Name="RISC_Processor_utilization_placed.pb"/>
  <File Type="PLACE-CTRL" Name="RISC_Processor_control_sets_placed.rpt"/>
  <File Type="PLACE-PRE-SIMILARITY" Name="RISC_Processor_incremental_reuse_pre_placed.rpt"/>
  <File Type="BG-BGN" Name="RISC_Processor.bgn"/>
  <File Type="POSTPLACE-PWROPT-DCP" Name="RISC_Processor_postplace_pwropt.dcp"/>
  <File Type="BG-BIN" Name="RISC_Processor.bin"/>
  <File Type="PHYSOPT-DCP" Name="RISC_Processor_physopt.dcp"/>
  <File Type="BITSTR-MSK" Name="RISC_Processor.msk"/>
  <File Type="ROUTE-ERROR-DCP" Name="RISC_Processor_routed_error.dcp"/>
  <File Type="ROUTE-DCP" Name="RISC_Processor_routed.dcp"/>
  <File Type="ROUTE-BLACKBOX-DCP" Name="RISC_Processor_routed_bb.dcp"/>
  <File Type="ROUTE-DRC" Name="RISC_Processor_drc_routed.rpt"/>
  <File Type="ROUTE-DRC-PB" Name="RISC_Processor_drc_routed.pb"/>
  <File Type="ROUTE-DRC-RPX" Name="RISC_Processor_drc_routed.rpx"/>
  <File Type="BITSTR-LTX" Name="RISC_Processor.ltx"/>
  <File Type="ROUTE-METHODOLOGY-DRC" Name="RISC_Processor_methodology_drc_routed.rpt"/>
  <File Type="BITSTR-MMI" Name="RISC_Processor.mmi"/>
  <File Type="ROUTE-METHODOLOGY-DRC-RPX" Name="RISC_Processor_methodology_drc_routed.rpx"/>
  <File Type="ROUTE-METHODOLOGY-DRC-PB" Name="RISC_Processor_methodology_drc_routed.pb"/>
  <File Type="BITSTR-SYSDEF" Name="RISC_Processor.sysdef"/>
  <File Type="ROUTE-PWR-RPX" Name="RISC_Processor_power_routed.rpx"/>
  <File Type="ROUTE-STATUS" Name="RISC_Processor_route_status.rpt"/>
  <File Type="ROUTE-STATUS-PB" Name="RISC_Processor_route_status.pb"/>
  <File Type="ROUTE-TIMINGSUMMARY" Name="RISC_Processor_timing_summary_routed.rpt"/>
  <File Type="ROUTE-TIMING-PB" Name="RISC_Processor_timing_summary_routed.pb"/>
  <File Type="ROUTE-TIMING-RPX" Name="RISC_Processor_timing_summary_routed.rpx"/>
  <File Type="ROUTE-CLK" Name="RISC_Processor_clock_utilization_routed.rpt"/>
  <File Type="ROUTE-BUS-SKEW" Name="RISC_Processor_bus_skew_routed.rpt"/>
  <File Type="ROUTE-BUS-SKEW-PB" Name="RISC_Processor_bus_skew_routed.pb"/>
  <File Type="ROUTE-BUS-SKEW-RPX" Name="RISC_Processor_bus_skew_routed.rpx"/>
  <File Type="POSTROUTE-PHYSOPT-DCP" Name="RISC_Processor_postroute_physopt.dcp"/>
  <File Type="POSTROUTE-PHYSOPT-BLACKBOX-DCP" Name="RISC_Processor_postroute_physopt_bb.dcp"/>
  <File Type="BG-BIT" Name="RISC_Processor.bit"/>
  <File Type="BITSTR-RBT" Name="RISC_Processor.rbt"/>
  <File Type="BITSTR-NKY" Name="RISC_Processor.nky"/>
  <File Type="BG-DRC" Name="RISC_Processor.drc"/>
  <File Type="RDI-RDI" Name="RISC_Processor.vdi"/>
  <File Type="WBT-USG" Name="usage_statistics_webtalk.html"/>
  <FileSet Name="sources" Type="DesignSrcs" RelSrcDir="$PSRCDIR/sources_1">
    <Filter Type="Srcs"/>
    <File Path="$PSRCDIR/sources_1/new/RISC_ALU.v">
      <FileInfo>
        <Attr Name="UsedIn" Val="synthesis"/>
        <Attr Name="UsedIn" Val="implementation"/>
        <Attr Name="UsedIn" Val="simulation"/>
      </FileInfo>
    </File>
    <File Path="$PSRCDIR/sources_1/new/RISC_Control_1.v">
      <FileInfo>
        <Attr Name="UsedIn" Val="synthesis"/>
        <Attr Name="UsedIn" Val="implementation"/>
        <Attr Name="UsedIn" Val="simulation"/>
      </FileInfo>
    </File>
    <File Path="$PSRCDIR/sources_1/new/RISC_Control_2.v">
      <FileInfo>
        <Attr Name="UsedIn" Val="synthesis"/>
        <Attr Name="UsedIn" Val="implementation"/>
        <Attr Name="UsedIn" Val="simulation"/>
      </FileInfo>
    </File>
    <File Path="$PSRCDIR/sources_1/new/RISC_DataMemory.v">
      <FileInfo>
        <Attr Name="UsedIn" Val="synthesis"/>
        <Attr Name="UsedIn" Val="implementation"/>
        <Attr Name="UsedIn" Val="simulation"/>
      </FileInfo>
    </File>
    <File Path="$PSRCDIR/sources_1/new/RISC_DataPath.v">
      <FileInfo>
        <Attr Name="UsedIn" Val="synthesis"/>
        <Attr Name="UsedIn" Val="implementation"/>
        <Attr Name="UsedIn" Val="simulation"/>
      </FileInfo>
    </File>
    <File Path="$PSRCDIR/sources_1/new/RISC_InstructionMemory.v">
      <FileInfo>
        <Attr Name="UsedIn" Val="synthesis"/>
        <Attr Name="UsedIn" Val="implementation"/>
        <Attr Name="UsedIn" Val="simulation"/>
      </FileInfo>
    </File>
    <File Path="$PSRCDIR/sources_1/new/RISC_Register.v">
      <FileInfo>
        <Attr Name="UsedIn" Val="synthesis"/>
        <Attr Name="UsedIn" Val="implementation"/>
        <Attr Name="UsedIn" Val="simulation"/>
      </FileInfo>
    </File>
    <File Path="$PSRCDIR/sources_1/new/RISC_Processor.v">
      <FileInfo>
        <Attr Name="UsedIn" Val="synthesis"/>
        <Attr Name="UsedIn" Val="implementation"/>
        <Attr Name="UsedIn" Val="simulation"/>
      </FileInfo>
    </File>
    <Config>
      <Option Name="DesignMode" Val="RTL"/>
      <Option Name="TopModule" Val="RISC_Processor"/>
    </Config>
  </FileSet>
  <FileSet Name="constrs_in" Type="Constrs" RelSrcDir="$PSRCDIR/constrs_1">
    <Filter Type="Constrs"/>
    <File Path="$PSRCDIR/constrs_1/new/System.xdc">
      <FileInfo>
        <Attr Name="UsedIn" Val="synthesis"/>
        <Attr Name="UsedIn" Val="implementation"/>
      </FileInfo>
    </File>
    <Config>
      <Option Name="ConstrsType" Val="XDC"/>
    </Config>
  </FileSet>
  <FileSet Name="utils" Type="Utils" RelSrcDir="$PSRCDIR/utils_1">
    <Filter Type="Utils"/>
    <Config>
      <Option Name="TopAutoSet" Val="TRUE"/>
    </Config>
  </FileSet>
  <Strategy Version="1" Minor="2">
    <StratHandle Name="Vivado Implementation Defaults" Flow="Vivado Implementation 2018"/>
    <Step Id="init_design"/>
    <Step Id="opt_design"/>
    <Step Id="power_opt_design"/>
    <Step Id="place_design"/>
    <Step Id="post_place_power_opt_design"/>
    <Step Id="phys_opt_design"/>
    <Step Id="route_design"/>
    <Step Id="post_route_phys_opt_design"/>
    <Step Id="write_bitstream"/>
  </Strategy>
</GenRun>
